Primary,SameAddress1,SameAddress2,SameAddress3,SameAddress4,SameAddress5,SameAddress6,SameAddress7
Q130309669,,,,,,,
Q130314886,Q130285645, Q130309674,,,,,
Q130309663,Q130266858, Q132303761,,,,,
Q130309696,,,,,,,
Q130314891,,,,,,,
Q130314901,,,,,,,
Q5702209,,,,,,,
Q5343130,,,,,,,
Q130298937,,,,,,,
Q130298928,Q135791215, Q135791212, Q130314905,,,,
Q130246911,Q130309659, Q130309662,,,,,
Q130298923,,,,,,,
Q130298914,,,,,,,
Q4575186,,,,,,,
Q130293699,,,,,,,
Q132309453,,,,,,,
Q130286767,Q130286675,,,,,,
Q130309717,,,,,,,
Q8010398,,,,,,,
Q130314904,,,,,,,
Q130309721,,,,,,,
Q6163895,Q130266880,,,,,,
Q130314889,,,,,,,
Q130266866,,,,,,,
Q19358021,,,,,,,
Q93232978,,,,,,,
Q130309694,Q130309716, Q130309736, Q130309709,,,,
Q130314892,,,,,,,
Q126369056,Q130246781, Q135791210, Q130286795, Q126369081,,,
Q130246830,,,,,,,
Q130286860,Q130314893,,,,,,
Q130309690,,,,,,,
Q130286795,Q126369056,,,,,,
Q130314896,Q130314895,,,,,,
Q130246224,,,,,,,
Q130299002,,,,,,,
Q130309662,Q130246911, Q130309688,,,,,
Q3482354,,,,,,,
Q130309697,,,,,,,
Q8008849,Q130299062, Q15999633, Q130309736,,,,
Q130286693,,,,,,,
Q130309719,Q135790258,,,,,,
Q130286852,,,,,,,
Q130309693,Q130309710, Q130309726,,,,,
Q130246821,Q116360824,,,,,,
Q130246766,,,,,,,
Q5078669,Q130309692,,,,,,
Q130246794,,,,,,,
Q130309735,Q132783211,,,,,,
Q65048475,,,,,,,
Q130309676,,,,,,,
Q130309654,,,,,,,
Q114894460,,,,,,,
Q130266888,,,,,,,
Q51719354,,,,,,,
Q130309670,,,,,,,
Q130309681,,,,,,,
Q56281812,Q135790239,,,,,,
Q130309679,Q116360824,,,,,,
Q130314895,Q130314896,,,,,,
Q8016870,,,,,,,
Q130246804,,,,,,,
Q130298894,,,,,,,
Q130309731,Q130309712,,,,,,
Q130267201,,,,,,,
Q105546535,Q130285655,,,,,,
Q130246800,,,,,,,
Q130309736,Q130299062, Q15999633, Q8008849, Q130309716, Q130309694, Q130309709,
Q130309680,,,,,,,
Q130286675,Q130286767,,,,,,
Q130286686,,,,,,,
Q130246781,Q126369056, Q135791210,,,,,
Q130309664,Q130309703,,,,,,
Q130309712,Q130309731,,,,,,
Q130314899,,,,,,,
Q130266892,,,,,,,
Q130309700,Q130246785, Q51551851, Q65048475, Q135790246,,,
Q130309728,,,,,,,
Q130309661,,,,,,,
Q130309740,,,,,,,
Q130314890,,,,,,,
Q130246748,,,,,,,
Q130298968,Q116761668,,,,,,
Q130309616,,,,,,,
Q130309685,,,,,,,
Q5546382,,,,,,,
Q15999316,Q130286025, Q130309710, Q130309675,,,,
Q130309713,,,,,,,
Q6230966,,,,,,,
Q130309704,,,,,,,
Q130309695,Q130309722,,,,,,
Q130314887,,,,,,,
Q130266872,,,,,,,
Q130309672,,,,,,,
Q130309722,Q130309695,,,,,,
Q130246199,,,,,,,
Q130286769,,,,,,,
Q130266858,Q130309663, Q132303761, Q130309691, Q133097264, Q130309741, Q130314908, Q130298992
Q130298951,,,,,,,
Q130309692,Q130309720, Q5078669,,,,,
Q130309725,Q130268030, Q130309666,,,,,
Q130314888,,,,,,,
Q130268001,,,,,,,
Q1766103,,,,,,,
Q130228554,,,,,,,
Q130309734,,,,,,,
Q130246843,,,,,,,
Q130227704,,,,,,,
Q130309666,Q130268030, Q130309725,,,,,
Q107313238,Q132303773,,,,,,
Q4678866,,,,,,,
Q130309682,,,,,,,
Q130309727,,,,,,,
Q130268030,Q130309725, Q130309666,,,,,
Q7108504,,,,,,,
Q130309729,,,,,,,
Q130299060,,,,,,,
Q126369082,,,,,,,
Q130314885,Q135790280,,,,,,
Q130309714,,,,,,,
Q130226193,,,,,,,
Q130309716,Q130309694, Q130309736, Q130309709,,,,
Q51551851,Q130246785, Q65048475, Q130309700, Q135790246,,,
Q130309703,Q130309664,,,,,,
Q130309665,,,,,,,
Q130309688,Q130309659, Q130314902, Q130309662, Q130309699,,,
Q130228060,Q135790233,,,,,,
Q5722409,Q24436511,,,,,,
Q130309741,Q130228291, Q130266858, Q130309691, Q133097264,,,
Q130309720,Q130309692, Q5078669,,,,,
Q130309677,Q134476406,,,,,,
Q130309715,,,,,,,
Q130309613,,,,,,,
Q130309707,,,,,,,
Q94622912,Q94622916, Q130229049,,,,,
Q130229049,Q94622916, Q94622912,,,,,
Q130299070,,,,,,,
Q130309668,,,,,,,
Q116761668,Q130286025, Q130309726, Q130298968,,,,
Q130309709,Q130309694, Q130309716, Q130309736,,,,
Q130309738,Q130309711,,,,,,
Q130267250,,,,,,,
Q130298919,Q130286776,,,,,,
Q107156759,,,,,,,
Q130309689,,,,,,,
Q130309726,Q130286025, Q116761668, Q130309693, Q130309710,,,
Q130309724,,,,,,,
Q130309732,,,,,,,
Q17421693,,,,,,,
Q130314902,Q130309688,,,,,,
Q130286025,Q15999316, Q130309710, Q116761668, Q130309726,,,
Q130309705,,,,,,,
Q7088335,,,,,,,
Q130309733,,,,,,,
Q130309699,Q94622916, Q130309688,,,,,
Q130309687,,,,,,,
Q130309684,Q130228291,,,,,,
Q130266880,Q6163895,,,,,,
Q116360824,Q130246821, Q130309679,,,,,
Q130314928,,,,,,,
Q130228291,Q130309655, Q130309684, Q130309741,,,,
Q130309647,,,,,,,
Q3161465,,,,,,,
Q130286835,Q130236135,,,,,,
Q130309659,Q130309688, Q130246911,,,,,
Q15999633,Q130299062, Q8008849, Q130309736,,,,
Q5341956,,,,,,,
Q130299062,Q15999633, Q8008849, Q130309736,,,,
Q130309730,,,,,,,
Q24436511,Q5722409,,,,,,
Q130286776,Q130298919,,,,,,
Q8020652,,,,,,,
Q130314893,Q130286860,,,,,,
Q130309656,,,,,,,
Q130266901,,,,,,,
Q130246861,,,,,,,
Q130309675,Q15999316,,,,,,
Q130308139,,,,,,,
Q117222261,,,,,,,
Q94622916,Q130309699, Q94622912, Q130229049,,,,
Q5331650,,,,,,,
Q130286691,,,,,,,
Q130285958,,,,,,,
Q130298939,,,,,,,
Q130285655,Q105546535,,,,,,
Q130236135,Q130286835,,,,,,
Q130246785,Q51551851, Q65048475, Q130309700, Q135790246,,,
Q130266903,,,,,,,
Q130309655,,,,,,,
Q130309718,,,,,,,
Q130309678,,,,,,,
Q130309673,,,,,,,
Q130309691,Q130266858, Q133097264, Q130309741,,,,
Q130309710,Q130286025, Q15999316, Q130309693, Q130309726,,,
Q130309701,Q130298992, Q130309706,,,,,
Q130295599,,,,,,,
Q130309706,Q130298992, Q130309701,,,,,
Q130298992,Q130266858, Q130309701, Q130309706,,,,
Q130314898,,,,,,,
Q7114452,,,,,,,
Q130309702,,,,,,,
Q130246741,,,,,,,
Q130309646,,,,,,,
Q130314903,,,,,,,
Q130309711,Q130309738,,,,,,
Q42301532,,,,,,,
Q130309660,,,,,,,
Q130309674,Q130314886,,,,,,
Q130309698,Q130314912,,,,,,
Q130285645,Q130314886,,,,,,
Q130285908,,,,,,,
Q130309686,,,,,,,
Q130285631,Q135791198,,,,,,
Q130266883,,,,,,,
Q130314894,,,,,,,
Q139412,,,,,,,
Q130309683,,,,,,,
Q130309658,,,,,,,
Q130314897,,,,,,,
Q4882381,,,,,,,
Q130314905,Q130298928,,,,,,
Q130314906,,,,,,,
Q130314907,,,,,,,
Q130314908,Q130266858,,,,,,
Q130314909,,,,,,,
Q130314910,,,,,,,
Q130314911,,,,,,,
,,,,,,,
Q130314912,Q130309698,,,,,,
Q130314929,,,,,,,
Q130314926,,,,,,,
Q130314927,,,,,,,
Q131759758,,,,,,,
Q131759780,,,,,,,
Q131391081,,,,,,,
Q131765031,,,,,,,
Q132303765,,,,,,,
Q132303769,,,,,,,
Q132303773,Q107313238,,,,,,
Q132303763,,,,,,,
Q132303767,,,,,,,
Q132303771,Q132303761, Q133097264,,,,,
Q132303761,Q130266858, Q130309663, Q132303771,,,,
Q133097264,Q130266858, Q130309691, Q130309741, Q132303771,,,
Q134476406,Q130309677,,,,,,
Q132783211,Q130309735,,,,,,
Q124396194,,,,,,,
Q21176686,,,,,,,
Q135790251,,,,,,,
Q134476394,,,,,,,
Q134476430,,,,,,,
Q135790249,,,,,,,
Q135790237,,,,,,,
Q135790255,,,,,,,
Q135790241,,,,,,,
Q18631454,,,,,,,
Q135790232,,,,,,,
Q135790230,,,,,,,
Q135790263,,,,,,,
Q135790247,,,,,,,
Q16005914,,,,,,,
Q98563495,,,,,,,
Q135790243,,,,,,,
Q135790233,Q130228060,,,,,,
Q135790242,,,,,,,
Q135790246,Q130246785, Q51551851, Q65048475, Q130309700,,,
Q135790235,,,,,,,
Q135790245,,,,,,,
Q135790238,,,,,,,
Q135790239,Q56281812,,,,,,
Q115771524,,,,,,,
Q135790265,,,,,,,
Q135790231,,,,,,,
Q135790240,,,,,,,
Q135790258,Q130309719,,,,,,
Q135790253,,,,,,,
Q135790244,,,,,,,
Q135790260,,,,,,,
Q135790267,,,,,,,
Q135790270,,,,,,,
Q135790273,,,,,,,
Q135790275,,,,,,,
Q135790278,,,,,,,
Q135790280,Q130314885,,,,,,
Q135790283,,,,,,,
Q135790286,,,,,,,
Q135790289,,,,,,,
Q18671419,,,,,,,
Q135790292,,,,,,,
Q135790294,Q135790296,,,,,,
Q135790296,Q135790294,,,,,,
Q135790298,,,,,,,
Q135790470,,,,,,,
Q135791198,Q130285631,,,,,,
Q135791200,,,,,,,
Q135791203,,,,,,,
Q135791204,,,,,,,
Q135791207,,,,,,,
Q135791210,Q130246781, Q126369056,,,,,
Q135791212,Q130298928, Q135791215,,,,,
Q135791215,Q130298928, Q135791212,,,,,
Q135791217,,,,,,,
Q135901165,,,,,,,
Q136232093,,,,,,,
Q136232092,,,,,,,
Q136232095,,,,,,,
Q136232097,,,,,,,
Q136432333,,,,,,,
Q136432306,,,,,,,
Q136489253,,,,,,,
Q136489255,,,,,,,
Q136542420,,,,,,,
Q137302147,,,,,,,
Q6860216,,,,,,,
Q15997872,,,,,,,
Q126369081,,,,,,,
Q138014151,,,,,,,
Q138014007,,,,,,,
Q138331379,,,,,,,
Q138331413,,,,,,,
